bench,Z3-time (ms),Z3-calls,Z3-error,ASTR-time (ms),ASTR-calls,ASTR-error,SPF-error,spf-z3-cputime (s),spf-z3-walltime (s),z3-status,spf-astr-cputime (s),spf-astr-walltime (s),astr-status,astr-log,z3-log,benchmark
AbstractJsonFunction,26,1,0,17,1,0,0,1.69,0.73,unknown,1.64,0.72,unknown,results-verified/astr/logfiles/SV-COMP26_no-runtime-exception.AbstractJsonFunction.yml.log,results-verified/z3/logfiles/SV-COMP26_no-runtime-exception.AbstractJsonFunction.yml.log,sv-benchmarks/java/argv/blaze-persistence/core.impl.src.main.java.com.blazebit.persistence.impl.function.jsonset/AbstractJsonFunction/Main.java
AddExecutionParametersRequest,412,8,0,194,8,0,0,2.26,1.11,true,2.62,1.0,true,results-verified/astr/logfiles/SV-COMP26_no-runtime-exception.AddExecutionParametersRequest.yml.log,results-verified/z3/logfiles/SV-COMP26_no-runtime-exception.AddExecutionParametersRequest.yml.log,sv-benchmarks/java/argv/Qualitis/web.project.src.main.java.com.webank.wedatasphere.qualitis.rule.request/AddExecutionParametersRequest/Main.java
BeanShellUtil,68,5,0,37,5,0,0,1.69,0.69,false,1.76,0.75,false,results-verified/astr/logfiles/SV-COMP26_no-runtime-exception.BeanShellUtil.yml.log,results-verified/z3/logfiles/SV-COMP26_no-runtime-exception.BeanShellUtil.yml.log,sv-benchmarks/java/argv/JYso/src.main.java.com.qi4l.JYso.gadgets.utils.beanshell/BeanShellUtil/Main.java
BigIntegerConverter,58,4,0,34,4,0,0,1.91,0.77,false,2.05,0.83,false,results-verified/astr/logfiles/SV-COMP26_no-runtime-exception.BigIntegerConverter.yml.log,results-verified/z3/logfiles/SV-COMP26_no-runtime-exception.BigIntegerConverter.yml.log,sv-benchmarks/java/argv/TLS-Attacker/TLS-Core.src.main.java.de.rub.nds.tlsattacker.core.config.converters/BigIntegerConverter/Main.java
BookmarksFragment,0,1,1,19,2,0,0,1.56,0.68,unknown,1.82,0.77,true,results-verified/astr/logfiles/SV-COMP26_no-runtime-exception.BookmarksFragment.yml.log,results-verified/z3/logfiles/SV-COMP26_no-runtime-exception.BookmarksFragment.yml.log,sv-benchmarks/java/argv/Nullgram/TMessagesProj.src.main.java.org.telegram.ui.web/BookmarksFragment/Main.java
BuildCompat,26,1,0,16,1,0,0,1.58,0.71,unknown,1.62,0.71,unknown,results-verified/astr/logfiles/SV-COMP26_no-runtime-exception.BuildCompat.yml.log,results-verified/z3/logfiles/SV-COMP26_no-runtime-exception.BuildCompat.yml.log,sv-benchmarks/java/argv/Thanox/android.android_framework.base.src.main.java.github.tornaco.android.thanos.core.compat/BuildCompat/Main.java
CIDRUtils,47,2,0,25,2,0,0,1.7,0.75,false,1.83,0.76,false,results-verified/astr/logfiles/SV-COMP26_no-runtime-exception.CIDRUtils.yml.log,results-verified/z3/logfiles/SV-COMP26_no-runtime-exception.CIDRUtils.yml.log,sv-benchmarks/java/argv/Arduino/arduino-core.src.edazdarevic.commons.net/CIDRUtils/Main.java
CamundaBpmRunAuthenticationProperties,41,2,0,21,2,0,0,1.74,0.75,false,1.76,0.73,false,results-verified/astr/logfiles/SV-COMP26_no-runtime-exception.CamundaBpmRunAuthenticationProperties.yml.log,results-verified/z3/logfiles/SV-COMP26_no-runtime-exception.CamundaBpmRunAuthenticationProperties.yml.log,sv-benchmarks/java/argv/camunda-bpm-platform/distro.run.core.src.main.java.org.camunda.bpm.run.property/CamundaBpmRunAuthenticationProperties/Main.java
ClassPathProcessApplicationScanner,76,6,0,30,2,0,0,1.73,0.75,true,1.69,0.75,unknown,results-verified/astr/logfiles/SV-COMP26_no-runtime-exception.ClassPathProcessApplicationScanner.yml.log,results-verified/z3/logfiles/SV-COMP26_no-runtime-exception.ClassPathProcessApplicationScanner.yml.log,sv-benchmarks/java/argv/camunda-bpm-platform/engine.src.main.java.org.camunda.bpm.container.impl.deployment.scanning/ClassPathProcessApplicationScanner/Main.java
CleanNodeFormatter,147,8,0,87,8,0,0,1.93,0.86,true,2.04,0.84,true,results-verified/astr/logfiles/SV-COMP26_no-runtime-exception.CleanNodeFormatter.yml.log,results-verified/z3/logfiles/SV-COMP26_no-runtime-exception.CleanNodeFormatter.yml.log,sv-benchmarks/java/argv/leetcode-editor/src.main.java.com.shuzijun.leetcode.plugin.utils.doc/CleanNodeFormatter/Main.java
ClojureUtil,74,5,0,40,5,0,0,1.7,0.71,false,1.78,0.74,false,results-verified/astr/logfiles/SV-COMP26_no-runtime-exception.ClojureUtil.yml.log,results-verified/z3/logfiles/SV-COMP26_no-runtime-exception.ClojureUtil.yml.log,sv-benchmarks/java/argv/JYso/src.main.java.com.qi4l.JYso.gadgets.utils.clojure/ClojureUtil/Main.java
CoNLLBenchmark,72,3,0,39,5,0,0,60.43,59.69,TIMEOUT,2.0,0.83,unknown,results-verified/astr/logfiles/SV-COMP26_no-runtime-exception.CoNLLBenchmark.yml.log,results-verified/z3/logfiles/SV-COMP26_no-runtime-exception.CoNLLBenchmark.yml.log,sv-benchmarks/java/argv/CoreNLP/src.edu.stanford.nlp.loglinear.benchmarks/CoNLLBenchmark/Main.java
CoNLLFeaturizer,65,3,0,35,4,0,0,60.43,59.78,TIMEOUT,1.76,0.74,true,results-verified/astr/logfiles/SV-COMP26_no-runtime-exception.CoNLLFeaturizer.yml.log,results-verified/z3/logfiles/SV-COMP26_no-runtime-exception.CoNLLFeaturizer.yml.log,sv-benchmarks/java/argv/CoreNLP/src.edu.stanford.nlp.loglinear.benchmarks/CoNLLFeaturizer/Main.java
Config_1,30,1,0,21,1,0,0,1.72,0.74,unknown,1.72,0.72,unknown,results-verified/astr/logfiles/SV-COMP26_no-runtime-exception.Config_1.yml.log,results-verified/z3/logfiles/SV-COMP26_no-runtime-exception.Config_1.yml.log,sv-benchmarks/java/argv/mcaselector/src.main.java.net.querz.mcaselector.config/Config_1/Main.java
CoreOjClassLoader,49,2,0,33,2,0,0,1.67,0.74,true,1.74,0.77,true,results-verified/astr/logfiles/SV-COMP26_no-runtime-exception.CoreOjClassLoader.yml.log,results-verified/z3/logfiles/SV-COMP26_no-runtime-exception.CoreOjClassLoader.yml.log,sv-benchmarks/java/argv/AndroidHiddenApiBypass/library.src.main.java.org.lsposed.hiddenapibypass/CoreOjClassLoader/Main.java
DailyRotateLogStore,34,2,0,22,2,0,0,1.73,0.73,false,1.88,0.76,false,results-verified/astr/logfiles/SV-COMP26_no-runtime-exception.DailyRotateLogStore.yml.log,results-verified/z3/logfiles/SV-COMP26_no-runtime-exception.DailyRotateLogStore.yml.log,sv-benchmarks/java/argv/dble/src.main.java.com.actiontech.dble.log/DailyRotateLogStore/Main.java
DataFilePaths,71,4,0,70,4,0,0,1.77,0.74,true,1.92,0.79,true,results-verified/astr/logfiles/SV-COMP26_no-runtime-exception.DataFilePaths.yml.log,results-verified/z3/logfiles/SV-COMP26_no-runtime-exception.DataFilePaths.yml.log,sv-benchmarks/java/argv/CoreNLP/src.edu.stanford.nlp.util/DataFilePaths/Main.java
DatabaseUrlReplacer,1127,9,0,276,9,0,0,2.75,1.81,unknown,2.75,1.09,unknown,results-verified/astr/logfiles/SV-COMP26_no-runtime-exception.DatabaseUrlReplacer.yml.log,results-verified/z3/logfiles/SV-COMP26_no-runtime-exception.DatabaseUrlReplacer.yml.log,sv-benchmarks/java/argv/datavines/datavines-engine.datavines-engine-plugins.datavines-engine-flink.datavines-engine-flink-connector-jdbc.src.main.java.io.datavines.engine.flink.jdbc.utils/DatabaseUrlReplacer/Main.java
DesyncBox,62,3,0,188,3,0,0,1.78,0.78,false,2.4,0.93,false,results-verified/astr/logfiles/SV-COMP26_no-runtime-exception.DesyncBox.yml.log,results-verified/z3/logfiles/SV-COMP26_no-runtime-exception.DesyncBox.yml.log,sv-benchmarks/java/argv/http-request-smuggler/src.burp/DesyncBox/Main.java
DirectObjectLessonIT,114,12,0,5879,11,0,0,60.45,59.49,TIMEOUT,22.07,10.92,OUT OF MEMORY,results-verified/astr/logfiles/SV-COMP26_no-runtime-exception.DirectObjectLessonIT.yml.log,results-verified/z3/logfiles/SV-COMP26_no-runtime-exception.DirectObjectLessonIT.yml.log,sv-benchmarks/java/argv/SecurityShepherd/src.it.java.servlets.module.lesson/DirectObjectLessonIT/Main.java
DolphinSchedulerTokenManager_1_X,47,2,0,23,2,0,0,1.78,0.74,true,1.86,0.78,true,results-verified/astr/logfiles/SV-COMP26_no-runtime-exception.DolphinSchedulerTokenManager_1_X.yml.log,results-verified/z3/logfiles/SV-COMP26_no-runtime-exception.DolphinSchedulerTokenManager_1_X.yml.log,sv-benchmarks/java/argv/DataSphereStudio/dss-appconn.appconns.dss-dolphinscheduler-appconn.src.main.java.com.webank.wedatasphere.dss.appconn.dolphinscheduler.sso/DolphinSchedulerTokenManager_1_X/Main.java
DomXPathNamespaceResolver,47,3,0,30,3,0,0,1.71,0.73,unknown,1.73,0.76,unknown,results-verified/astr/logfiles/SV-COMP26_no-runtime-exception.DomXPathNamespaceResolver.yml.log,results-verified/z3/logfiles/SV-COMP26_no-runtime-exception.DomXPathNamespaceResolver.yml.log,sv-benchmarks/java/argv/camunda-bpm-platform/spin.dataformat-xml-dom.src.main.java.org.camunda.spin.impl.xml.dom.query/DomXPathNamespaceResolver/Main.java
ElideStandaloneExportTest,256,24,0,316,24,0,0,2.21,0.94,true,3.0,1.1,true,results-verified/astr/logfiles/SV-COMP26_no-runtime-exception.ElideStandaloneExportTest.yml.log,results-verified/z3/logfiles/SV-COMP26_no-runtime-exception.ElideStandaloneExportTest.yml.log,sv-benchmarks/java/argv/elide/elide-standalone.src.test.java.example/ElideStandaloneExportTest/Main.java
EnableScoreboardIT,180,14,1,12036,6,0,0,2.2,0.94,unknown,27.6,13.62,OUT OF MEMORY,results-verified/astr/logfiles/SV-COMP26_no-runtime-exception.EnableScoreboardIT.yml.log,results-verified/z3/logfiles/SV-COMP26_no-runtime-exception.EnableScoreboardIT.yml.log,sv-benchmarks/java/argv/SecurityShepherd/src.it.java.servlets.admin.config/EnableScoreboardIT/Main.java
ExtensibilityTest,186,14,0,204,14,0,0,2.16,0.91,true,2.55,0.99,true,results-verified/astr/logfiles/SV-COMP26_no-runtime-exception.ExtensibilityTest.yml.log,results-verified/z3/logfiles/SV-COMP26_no-runtime-exception.ExtensibilityTest.yml.log,sv-benchmarks/java/argv/hippo4j/infra.common.src.test.java.cn.hippo4j.common.toolkit/ExtensibilityTest/Main.java
ExternalProcessOutputParser,53,2,0,16,2,0,0,1.79,0.77,false,1.84,0.77,false,results-verified/astr/logfiles/SV-COMP26_no-runtime-exception.ExternalProcessOutputParser.yml.log,results-verified/z3/logfiles/SV-COMP26_no-runtime-exception.ExternalProcessOutputParser.yml.log,sv-benchmarks/java/argv/Arduino/arduino-core.src.cc.arduino.i18n/ExternalProcessOutputParser/Main.java
ExtractorVerbalVBNZero,70,6,0,37,6,0,0,1.76,0.75,true,1.83,0.77,true,results-verified/astr/logfiles/SV-COMP26_no-runtime-exception.ExtractorVerbalVBNZero.yml.log,results-verified/z3/logfiles/SV-COMP26_no-runtime-exception.ExtractorVerbalVBNZero.yml.log,sv-benchmarks/java/argv/CoreNLP/src.edu.stanford.nlp.tagger.maxent/ExtractorVerbalVBNZero/Main.java
FFmpegParser,30,2,0,57,2,0,0,27.7,26.8,OUT OF MEMORY,1.86,0.78,true,results-verified/astr/logfiles/SV-COMP26_no-runtime-exception.FFmpegParser.yml.log,results-verified/z3/logfiles/SV-COMP26_no-runtime-exception.FFmpegParser.yml.log,sv-benchmarks/java/argv/BilibiliDown/src.nicelee.bilibili.parsers.impl/FFmpegParser/Main.java
FSFunction,50,2,0,24,2,0,0,1.62,0.71,true,1.72,0.72,true,results-verified/astr/logfiles/SV-COMP26_no-runtime-exception.FSFunction.yml.log,results-verified/z3/logfiles/SV-COMP26_no-runtime-exception.FSFunction.yml.log,sv-benchmarks/java/argv/OpenPDF/openpdf-html.src.main.java.org.openpdf.css.parser/FSFunction/Main.java
FileUtils,40,2,0,28,2,0,0,1.77,0.74,false,1.89,0.78,false,results-verified/astr/logfiles/SV-COMP26_no-runtime-exception.FileUtils.yml.log,results-verified/z3/logfiles/SV-COMP26_no-runtime-exception.FileUtils.yml.log,sv-benchmarks/java/argv/Sermant/sermant-agentcore.sermant-agentcore-core.src.main.java.io.sermant.core.utils/FileUtils/Main.java
FileUtils,40,2,0,28,2,0,0,1.77,0.74,false,1.88,0.86,unknown,results-verified/astr/logfiles/SV-COMP26_no-runtime-exception.FileUtils.yml.log,results-verified/z3/logfiles/SV-COMP26_no-runtime-exception.FileUtils.yml.log,sv-benchmarks/java/argv/Sermant/sermant-agentcore.sermant-agentcore-core.src.main.java.io.sermant.core.utils/FileUtils/Main.java
FileUtils,40,2,0,28,2,0,0,3.56,2.31,unknown,1.89,0.78,false,results-verified/astr/logfiles/SV-COMP26_no-runtime-exception.FileUtils.yml.log,results-verified/z3/logfiles/SV-COMP26_no-runtime-exception.FileUtils.yml.log,sv-benchmarks/java/argv/Sermant/sermant-agentcore.sermant-agentcore-core.src.main.java.io.sermant.core.utils/FileUtils/Main.java
FileUtils,40,2,0,28,2,0,0,3.56,2.31,unknown,1.88,0.86,unknown,results-verified/astr/logfiles/SV-COMP26_no-runtime-exception.FileUtils.yml.log,results-verified/z3/logfiles/SV-COMP26_no-runtime-exception.FileUtils.yml.log,sv-benchmarks/java/argv/Sermant/sermant-agentcore.sermant-agentcore-core.src.main.java.io.sermant.core.utils/FileUtils/Main.java
FreeMarkerScriptEngineFactory,85,7,0,254,7,0,0,1.88,0.78,false,2.58,1.01,false,results-verified/astr/logfiles/SV-COMP26_no-runtime-exception.FreeMarkerScriptEngineFactory.yml.log,results-verified/z3/logfiles/SV-COMP26_no-runtime-exception.FreeMarkerScriptEngineFactory.yml.log,sv-benchmarks/java/argv/camunda-bpm-platform/freemarker-template-engine.src.main.java.org.camunda.templateengines/FreeMarkerScriptEngineFactory/Main.java
GoogleCloudExtensionModule,36,2,0,28,2,0,0,1.61,0.71,false,1.73,0.74,false,results-verified/astr/logfiles/SV-COMP26_no-runtime-exception.GoogleCloudExtensionModule.yml.log,results-verified/z3/logfiles/SV-COMP26_no-runtime-exception.GoogleCloudExtensionModule.yml.log,sv-benchmarks/java/argv/data-transfer-project/extensions.cloud.portability-cloud-google.src.main.java.org.datatransferproject.cloud.google/GoogleCloudExtensionModule/Main.java
HTMLEditorUtils,221,24,0,302,24,0,0,1.9,0.88,true,2.9,1.07,true,results-verified/astr/logfiles/SV-COMP26_no-runtime-exception.HTMLEditorUtils.yml.log,results-verified/z3/logfiles/SV-COMP26_no-runtime-exception.HTMLEditorUtils.yml.log,sv-benchmarks/java/argv/document-management-system/src.main.java.com.openkm.extension.frontend.client.widget.htmleditor/HTMLEditorUtils/Main.java
HtpasswdFileUserAuthenticator,98,5,0,86,5,0,0,1.83,0.79,unknown,2.11,0.84,unknown,results-verified/astr/logfiles/SV-COMP26_no-runtime-exception.HtpasswdFileUserAuthenticator.yml.log,results-verified/z3/logfiles/SV-COMP26_no-runtime-exception.HtpasswdFileUserAuthenticator.yml.log,sv-benchmarks/java/argv/drill/exec.java-exec.src.main.java.org.apache.drill.exec.rpc.user.security/HtpasswdFileUserAuthenticator/Main.java
HttpRouter,55,4,0,29,4,0,0,1.71,0.72,false,1.68,0.71,false,results-verified/astr/logfiles/SV-COMP26_no-runtime-exception.HttpRouter.yml.log,results-verified/z3/logfiles/SV-COMP26_no-runtime-exception.HttpRouter.yml.log,sv-benchmarks/java/argv/Sermant/sermant-agentcore.sermant-agentcore-implement.src.main.java.io.sermant.implement.service.httpserver.common/HttpRouter/Main.java
IdentifiersRegister,25,1,0,18,1,0,0,1.6,0.69,unknown,1.67,0.7,unknown,results-verified/astr/logfiles/SV-COMP26_no-runtime-exception.IdentifiersRegister.yml.log,results-verified/z3/logfiles/SV-COMP26_no-runtime-exception.IdentifiersRegister.yml.log,sv-benchmarks/java/argv/java/structurizr-dsl.src.main.java.com.structurizr.dsl/IdentifiersRegister/Main.java
ImageKit,44,2,0,22,2,0,0,2.19,0.84,false,2.22,0.87,false,results-verified/astr/logfiles/SV-COMP26_no-runtime-exception.ImageKit.yml.log,results-verified/z3/logfiles/SV-COMP26_no-runtime-exception.ImageKit.yml.log,sv-benchmarks/java/argv/jfinal/src.main.java.com.jfinal.kit/ImageKit/Main.java
ImageName,33,1,0,30,1,0,0,1.62,0.71,unknown,1.83,0.74,unknown,results-verified/astr/logfiles/SV-COMP26_no-runtime-exception.ImageName.yml.log,results-verified/z3/logfiles/SV-COMP26_no-runtime-exception.ImageName.yml.log,sv-benchmarks/java/argv/docker-maven-plugin/src.main.java.io.fabric8.maven.docker.util/ImageName/Main.java
ImpersonationUtil,26,1,0,23,1,0,0,1.53,0.68,unknown,1.75,0.72,unknown,results-verified/astr/logfiles/SV-COMP26_no-runtime-exception.ImpersonationUtil.yml.log,results-verified/z3/logfiles/SV-COMP26_no-runtime-exception.ImpersonationUtil.yml.log,sv-benchmarks/java/argv/drill/exec.java-exec.src.main.java.org.apache.drill.exec.util/ImpersonationUtil/Main.java
ItemFuncGetFormat,344,36,0,168,36,0,0,2.25,1.04,true,2.67,1.06,true,results-verified/astr/logfiles/SV-COMP26_no-runtime-exception.ItemFuncGetFormat.yml.log,results-verified/z3/logfiles/SV-COMP26_no-runtime-exception.ItemFuncGetFormat.yml.log,sv-benchmarks/java/argv/dble/src.main.java.com.actiontech.dble.plan.common.item.function.timefunc/ItemFuncGetFormat/Main.java
Items,24937,862,0,24044,1102,0,0,28.04,26.07,true,42.33,26.1,true,results-verified/astr/logfiles/SV-COMP26_no-runtime-exception.Items.yml.log,results-verified/z3/logfiles/SV-COMP26_no-runtime-exception.Items.yml.log,sv-benchmarks/java/argv/EnchantmentCracker/src.enchcracker/Items/Main.java
JavaWebClassVisitor,36,2,0,272,6,0,0,1.6,0.71,true,2.56,0.99,true,results-verified/astr/logfiles/SV-COMP26_no-runtime-exception.JavaWebClassVisitor.yml.log,results-verified/z3/logfiles/SV-COMP26_no-runtime-exception.JavaWebClassVisitor.yml.log,sv-benchmarks/java/argv/jar-analyzer/src.main.java.me.n1ar4.jar.analyzer.core.asm/JavaWebClassVisitor/Main.java
Jianpian,61,4,0,54,4,0,0,1.87,0.75,unknown,2.11,0.84,unknown,results-verified/astr/logfiles/SV-COMP26_no-runtime-exception.Jianpian.yml.log,results-verified/z3/logfiles/SV-COMP26_no-runtime-exception.Jianpian.yml.log,sv-benchmarks/java/argv/CatVodSpider/app.src.main.java.com.github.catvod.spider/Jianpian/Main.java
KBPAnnotatorBenchmark,150,14,0,349,14,0,0,1.95,0.82,true,3.08,1.19,true,results-verified/astr/logfiles/SV-COMP26_no-runtime-exception.KBPAnnotatorBenchmark.yml.log,results-verified/z3/logfiles/SV-COMP26_no-runtime-exception.KBPAnnotatorBenchmark.yml.log,sv-benchmarks/java/argv/CoreNLP/itest.src.edu.stanford.nlp.pipeline/KBPAnnotatorBenchmark/Main.java
KeycloakExportProvider,47,2,0,74,2,0,0,1.64,0.72,true,2.0,0.83,true,results-verified/astr/logfiles/SV-COMP26_no-runtime-exception.KeycloakExportProvider.yml.log,results-verified/z3/logfiles/SV-COMP26_no-runtime-exception.KeycloakExportProvider.yml.log,sv-benchmarks/java/argv/keycloak-config-cli/src.main.java.de.adorsys.keycloak.config.provider/KeycloakExportProvider/Main.java
KeycloakImportProvider,47,2,0,81,2,0,0,1.66,0.71,true,1.9,0.81,true,results-verified/astr/logfiles/SV-COMP26_no-runtime-exception.KeycloakImportProvider.yml.log,results-verified/z3/logfiles/SV-COMP26_no-runtime-exception.KeycloakImportProvider.yml.log,sv-benchmarks/java/argv/keycloak-config-cli/src.main.java.de.adorsys.keycloak.config.provider/KeycloakImportProvider/Main.java
MWTAnnotator,37,2,0,17,2,0,0,1.65,0.72,false,1.89,0.8,false,results-verified/astr/logfiles/SV-COMP26_no-runtime-exception.MWTAnnotator.yml.log,results-verified/z3/logfiles/SV-COMP26_no-runtime-exception.MWTAnnotator.yml.log,sv-benchmarks/java/argv/CoreNLP/src.edu.stanford.nlp.pipeline/MWTAnnotator/Main.java
MessageConsumerOutputStream,118,8,1,22,3,0,0,1.8,0.79,unknown,61.02,56.33,TIMEOUT,results-verified/astr/logfiles/SV-COMP26_no-runtime-exception.MessageConsumerOutputStream.yml.log,results-verified/z3/logfiles/SV-COMP26_no-runtime-exception.MessageConsumerOutputStream.yml.log,sv-benchmarks/java/argv/Arduino/arduino-core.src.cc.arduino/MessageConsumerOutputStream/Main.java
ModulePlan,58,4,0,49,4,0,0,1.67,0.7,false,1.79,0.75,false,results-verified/astr/logfiles/SV-COMP26_no-runtime-exception.ModulePlan.yml.log,results-verified/z3/logfiles/SV-COMP26_no-runtime-exception.ModulePlan.yml.log,sv-benchmarks/java/argv/SecurityShepherd/src.main.java.utils/ModulePlan/Main.java
NewMybatisProcessor,164,8,0,88,8,0,0,1.72,0.8,true,2.04,0.81,true,results-verified/astr/logfiles/SV-COMP26_no-runtime-exception.NewMybatisProcessor.yml.log,results-verified/z3/logfiles/SV-COMP26_no-runtime-exception.NewMybatisProcessor.yml.log,sv-benchmarks/java/argv/MoonBox/moonbox-agent.moonbox-java-agent.moonbox-plugins.repeater.mybatis-plugin.src.main.java.com.alibaba.jvm.sandbox.repeater.plugin.mybatis/NewMybatisProcessor/Main.java
OracleDbmsDialect,38,2,0,23,2,0,0,1.73,0.74,false,1.69,0.73,false,results-verified/astr/logfiles/SV-COMP26_no-runtime-exception.OracleDbmsDialect.yml.log,results-verified/z3/logfiles/SV-COMP26_no-runtime-exception.OracleDbmsDialect.yml.log,sv-benchmarks/java/argv/blaze-persistence/core.impl.src.main.java.com.blazebit.persistence.impl.dialect/OracleDbmsDialect/Main.java
Output,43,3,0,35,3,0,0,1.79,0.74,false,1.77,0.77,false,results-verified/astr/logfiles/SV-COMP26_no-runtime-exception.Output.yml.log,results-verified/z3/logfiles/SV-COMP26_no-runtime-exception.Output.yml.log,sv-benchmarks/java/argv/dexcount-gradle-plugin/src.main.java.com.android.dexdeps/Output/Main.java
PDFFontEncoding,73,6,0,240,6,0,0,1.65,0.73,false,2.54,0.98,false,results-verified/astr/logfiles/SV-COMP26_no-runtime-exception.PDFFontEncoding.yml.log,results-verified/z3/logfiles/SV-COMP26_no-runtime-exception.PDFFontEncoding.yml.log,sv-benchmarks/java/argv/OpenPDF/openpdf-renderer.src.main.java.org.openpdf.renderer.font/PDFFontEncoding/Main.java
PathUtil,1970,126,0,2398,126,0,0,4.34,2.82,true,10.13,3.47,true,results-verified/astr/logfiles/SV-COMP26_no-runtime-exception.PathUtil.yml.log,results-verified/z3/logfiles/SV-COMP26_no-runtime-exception.PathUtil.yml.log,sv-benchmarks/java/argv/forest/forest-examples.example-solon.src.main.java.com.dtflys.forest.example.utils/PathUtil/Main.java
PathUtil,1970,126,0,2398,126,0,0,4.34,2.82,true,1.8,0.78,true,results-verified/astr/logfiles/SV-COMP26_no-runtime-exception.PathUtil.yml.log,results-verified/z3/logfiles/SV-COMP26_no-runtime-exception.PathUtil.yml.log,sv-benchmarks/java/argv/forest/forest-examples.example-solon.src.main.java.com.dtflys.forest.example.utils/PathUtil/Main.java
PathUtil,1970,126,0,2398,126,0,0,2.79,1.67,true,10.13,3.47,true,results-verified/astr/logfiles/SV-COMP26_no-runtime-exception.PathUtil.yml.log,results-verified/z3/logfiles/SV-COMP26_no-runtime-exception.PathUtil.yml.log,sv-benchmarks/java/argv/forest/forest-examples.example-solon.src.main.java.com.dtflys.forest.example.utils/PathUtil/Main.java
PathUtil,1970,126,0,2398,126,0,0,2.79,1.67,true,1.8,0.78,true,results-verified/astr/logfiles/SV-COMP26_no-runtime-exception.PathUtil.yml.log,results-verified/z3/logfiles/SV-COMP26_no-runtime-exception.PathUtil.yml.log,sv-benchmarks/java/argv/forest/forest-examples.example-solon.src.main.java.com.dtflys.forest.example.utils/PathUtil/Main.java
PathUtil_1,2076,126,0,2300,126,0,0,4.37,2.91,true,9.79,3.39,true,results-verified/astr/logfiles/SV-COMP26_no-runtime-exception.PathUtil_1.yml.log,results-verified/z3/logfiles/SV-COMP26_no-runtime-exception.PathUtil_1.yml.log,sv-benchmarks/java/argv/forest/forest-examples.example-springboot.src.main.java.com.dtflys.forest.example.utils/PathUtil_1/Main.java
PathUtil_2,2120,126,0,2599,126,0,0,4.47,2.94,true,10.43,3.65,true,results-verified/astr/logfiles/SV-COMP26_no-runtime-exception.PathUtil_2.yml.log,results-verified/z3/logfiles/SV-COMP26_no-runtime-exception.PathUtil_2.yml.log,sv-benchmarks/java/argv/forest/forest-examples.example-springboot3.src.main.java.com.dtflys.forest.forestspringboot3example.utils/PathUtil_2/Main.java
PermissionsFragment,36,2,0,26,2,0,0,1.66,0.72,true,1.83,0.87,true,results-verified/astr/logfiles/SV-COMP26_no-runtime-exception.PermissionsFragment.yml.log,results-verified/z3/logfiles/SV-COMP26_no-runtime-exception.PermissionsFragment.yml.log,sv-benchmarks/java/argv/APK-Explorer-Editor/app.src.main.java.com.apk.editor.fragments/PermissionsFragment/Main.java
PineConfig,45,1,0,20,1,0,0,1.74,0.77,unknown,1.62,0.73,unknown,results-verified/astr/logfiles/SV-COMP26_no-runtime-exception.PineConfig.yml.log,results-verified/z3/logfiles/SV-COMP26_no-runtime-exception.PineConfig.yml.log,sv-benchmarks/java/argv/pine/core.src.main.java.top.canyie.pine/PineConfig/Main.java
PluginManifestParser,72,4,0,30,4,0,0,1.69,0.73,true,1.72,0.73,true,results-verified/astr/logfiles/SV-COMP26_no-runtime-exception.PluginManifestParser.yml.log,results-verified/z3/logfiles/SV-COMP26_no-runtime-exception.PluginManifestParser.yml.log,sv-benchmarks/java/argv/Android-Plugin-Framework/FairyPlugin.src.main.java.com.limpoxe.fairy.manager/PluginManifestParser/Main.java
PoorValidationLessonIT,96,11,0,6104,114,0,0,60.45,59.53,TIMEOUT,17.64,7.39,true,results-verified/astr/logfiles/SV-COMP26_no-runtime-exception.PoorValidationLessonIT.yml.log,results-verified/z3/logfiles/SV-COMP26_no-runtime-exception.PoorValidationLessonIT.yml.log,sv-benchmarks/java/argv/SecurityShepherd/src.it.java.servlets.module.lesson/PoorValidationLessonIT/Main.java
ProtocolRigidityTest,36,2,0,43,2,0,0,1.78,0.74,true,1.8,0.73,true,results-verified/astr/logfiles/SV-COMP26_no-runtime-exception.ProtocolRigidityTest.yml.log,results-verified/z3/logfiles/SV-COMP26_no-runtime-exception.ProtocolRigidityTest.yml.log,sv-benchmarks/java/argv/hippo4j/infra.common.src.test.java.cn.hippo4j.common.toolkit/ProtocolRigidityTest/Main.java
PunctEquivalenceClasser,60,3,0,33,3,0,0,1.64,0.72,unknown,1.81,0.75,unknown,results-verified/astr/logfiles/SV-COMP26_no-runtime-exception.PunctEquivalenceClasser.yml.log,results-verified/z3/logfiles/SV-COMP26_no-runtime-exception.PunctEquivalenceClasser.yml.log,sv-benchmarks/java/argv/CoreNLP/src.edu.stanford.nlp.parser.tools/PunctEquivalenceClasser/Main.java
ReloadStatus,68,6,0,51,6,0,0,1.7,0.72,true,1.79,0.74,true,results-verified/astr/logfiles/SV-COMP26_no-runtime-exception.ReloadStatus.yml.log,results-verified/z3/logfiles/SV-COMP26_no-runtime-exception.ReloadStatus.yml.log,sv-benchmarks/java/argv/dble/src.main.java.com.actiontech.dble.meta/ReloadStatus/Main.java
ResourcesExtractor,41,2,0,21,2,0,0,1.66,0.72,false,1.71,0.71,false,results-verified/astr/logfiles/SV-COMP26_no-runtime-exception.ResourcesExtractor.yml.log,results-verified/z3/logfiles/SV-COMP26_no-runtime-exception.ResourcesExtractor.yml.log,sv-benchmarks/java/argv/freemarker/freemarker-test-utils.src.main.java.freemarker.test/ResourcesExtractor/Main.java
RocketMqProhibitionTest,17588,1885,0,1561,1485,0,0,60.88,54.41,TIMEOUT,30.84,14.22,true,results-verified/astr/logfiles/SV-COMP26_no-runtime-exception.RocketMqProhibitionTest.yml.log,results-verified/z3/logfiles/SV-COMP26_no-runtime-exception.RocketMqProhibitionTest.yml.log,sv-benchmarks/java/argv/Sermant/sermant-integration-tests.mq-consume-prohibition-test.mq-consume-prohibition-integration-test.src.test.java.io.sermant.mq.prohibition.integration.rocketmq/RocketMqProhibitionTest/Main.java
Samba,33,2,0,25,2,0,0,1.64,0.69,unknown,1.8,0.75,unknown,results-verified/astr/logfiles/SV-COMP26_no-runtime-exception.Samba.yml.log,results-verified/z3/logfiles/SV-COMP26_no-runtime-exception.Samba.yml.log,sv-benchmarks/java/argv/CatVodSpider/app.src.main.java.com.github.catvod.spider/Samba/Main.java
ScoreboardStatus,73,6,0,122,6,0,0,1.73,0.73,false,2.13,0.83,false,results-verified/astr/logfiles/SV-COMP26_no-runtime-exception.ScoreboardStatus.yml.log,results-verified/z3/logfiles/SV-COMP26_no-runtime-exception.ScoreboardStatus.yml.log,sv-benchmarks/java/argv/SecurityShepherd/src.main.java.utils/ScoreboardStatus/Main.java
ScriptPidUtilsTest,68,6,0,266,6,0,0,1.88,0.76,true,2.74,1.1,true,results-verified/astr/logfiles/SV-COMP26_no-runtime-exception.ScriptPidUtilsTest.yml.log,results-verified/z3/logfiles/SV-COMP26_no-runtime-exception.ScriptPidUtilsTest.yml.log,sv-benchmarks/java/argv/Saturn/saturn-core.src.test.java.com.vip.saturn.job.utils/ScriptPidUtilsTest/Main.java
SecurityMisconfigLessonIT,2810,28,0,21240,376,0,0,60.46,59.45,TIMEOUT,35.05,23.13,true,results-verified/astr/logfiles/SV-COMP26_no-runtime-exception.SecurityMisconfigLessonIT.yml.log,results-verified/z3/logfiles/SV-COMP26_no-runtime-exception.SecurityMisconfigLessonIT.yml.log,sv-benchmarks/java/argv/SecurityShepherd/src.it.java.servlets.module.lesson/SecurityMisconfigLessonIT/Main.java
ShareOpenActivity,98,6,0,64,6,0,0,1.72,0.74,true,1.9,0.79,true,results-verified/astr/logfiles/SV-COMP26_no-runtime-exception.ShareOpenActivity.yml.log,results-verified/z3/logfiles/SV-COMP26_no-runtime-exception.ShareOpenActivity.yml.log,sv-benchmarks/java/argv/Kore/app.src.main.java.org.xbmc.kore/ShareOpenActivity/Main.java
ShiftReduceUtils,321,34,0,25,3,0,0,2.18,1.1,true,1.76,0.74,unknown,results-verified/astr/logfiles/SV-COMP26_no-runtime-exception.ShiftReduceUtils.yml.log,results-verified/z3/logfiles/SV-COMP26_no-runtime-exception.ShiftReduceUtils.yml.log,sv-benchmarks/java/argv/CoreNLP/src.edu.stanford.nlp.parser.shiftreduce/ShiftReduceUtils/Main.java
SikuliIDEPopUpMenu,67,5,0,53,5,0,0,1.84,0.77,false,1.92,0.78,false,results-verified/astr/logfiles/SV-COMP26_no-runtime-exception.SikuliIDEPopUpMenu.yml.log,results-verified/z3/logfiles/SV-COMP26_no-runtime-exception.SikuliIDEPopUpMenu.yml.log,sv-benchmarks/java/argv/SikuliX1/IDE.src.main.java.org.sikuli.ide/SikuliIDEPopUpMenu/Main.java
SpringBootVFS,36,2,0,20,2,0,0,1.61,0.68,true,1.73,0.74,true,results-verified/astr/logfiles/SV-COMP26_no-runtime-exception.SpringBootVFS.yml.log,results-verified/z3/logfiles/SV-COMP26_no-runtime-exception.SpringBootVFS.yml.log,sv-benchmarks/java/argv/Mapper/spring-boot-starter.mapper-spring-boot-autoconfigure.src.main.java.tk.mybatis.mapper.autoconfigure/SpringBootVFS/Main.java
SqlInjectionLessonIT,1093,15,0,24692,472,0,0,60.44,59.61,TIMEOUT,40.25,26.87,true,results-verified/astr/logfiles/SV-COMP26_no-runtime-exception.SqlInjectionLessonIT.yml.log,results-verified/z3/logfiles/SV-COMP26_no-runtime-exception.SqlInjectionLessonIT.yml.log,sv-benchmarks/java/argv/SecurityShepherd/src.it.java.servlets.module.lesson/SqlInjectionLessonIT/Main.java
TagRouterTest,934,118,0,454,118,0,0,4.28,1.97,true,5.16,1.76,true,results-verified/astr/logfiles/SV-COMP26_no-runtime-exception.TagRouterTest.yml.log,results-verified/z3/logfiles/SV-COMP26_no-runtime-exception.TagRouterTest.yml.log,sv-benchmarks/java/argv/Sermant/sermant-integration-tests.spring-test.spring-integration-test.src.test.java.io.sermant.integration.router/TagRouterTest/Main.java
TestLimitQuery,3939,16,0,44258,93,0,0,60.42,59.72,TIMEOUT,60.04,45.46,TIMEOUT,results-verified/astr/logfiles/SV-COMP26_no-runtime-exception.TestLimitQuery.yml.log,results-verified/z3/logfiles/SV-COMP26_no-runtime-exception.TestLimitQuery.yml.log,sv-benchmarks/java/argv/ebean/ebean-test.src.test.java.org.tests.basic/TestLimitQuery/Main.java
Tooltip,25,1,0,22,1,0,0,1.64,0.69,unknown,1.71,0.76,unknown,results-verified/astr/logfiles/SV-COMP26_no-runtime-exception.Tooltip.yml.log,results-verified/z3/logfiles/SV-COMP26_no-runtime-exception.Tooltip.yml.log,sv-benchmarks/java/argv/delverengine/core.src.main.java.com.interrupt.dungeoneer.ui/Tooltip/Main.java
UnvalidatedForwardsLessonIT,159,16,0,44229,409,0,0,60.45,59.44,TIMEOUT,60.45,46.31,TIMEOUT,results-verified/astr/logfiles/SV-COMP26_no-runtime-exception.UnvalidatedForwardsLessonIT.yml.log,results-verified/z3/logfiles/SV-COMP26_no-runtime-exception.UnvalidatedForwardsLessonIT.yml.log,sv-benchmarks/java/argv/SecurityShepherd/src.it.java.servlets.module.lesson/UnvalidatedForwardsLessonIT/Main.java
WebDAV,45,3,0,29,3,0,0,1.69,0.72,false,1.97,0.8,false,results-verified/astr/logfiles/SV-COMP26_no-runtime-exception.WebDAV.yml.log,results-verified/z3/logfiles/SV-COMP26_no-runtime-exception.WebDAV.yml.log,sv-benchmarks/java/argv/CatVodSpider/app.src.main.java.com.github.catvod.spider/WebDAV/Main.java
XRYKeyValuePair,0,1,1,0,1,0,0,1.58,0.68,unknown,1.63,0.69,unknown,results-verified/astr/logfiles/SV-COMP26_no-runtime-exception.XRYKeyValuePair.yml.log,results-verified/z3/logfiles/SV-COMP26_no-runtime-exception.XRYKeyValuePair.yml.log,sv-benchmarks/java/argv/autopsy/Core.src.org.sleuthkit.autopsy.datasourceprocessors.xry/XRYKeyValuePair/Main.java
XssLessonIT,133,12,0,43954,178,0,0,60.45,59.46,TIMEOUT,60.31,45.5,TIMEOUT,results-verified/astr/logfiles/SV-COMP26_no-runtime-exception.XssLessonIT.yml.log,results-verified/z3/logfiles/SV-COMP26_no-runtime-exception.XssLessonIT.yml.log,sv-benchmarks/java/argv/SecurityShepherd/src.it.java.servlets.module.lesson/XssLessonIT/Main.java
BooleanFormatter,365,11,0,402,11,0,0,3.69,2.42,false,3.27,1.21,false,results-verified/astr/logfiles/SV-COMP26_no-runtime-exception.BooleanFormatter.yml.log,results-verified/z3/logfiles/SV-COMP26_no-runtime-exception.BooleanFormatter.yml.log,sv-benchmarks/java/argv/alero/java-simple-utils.java-simple-utils-master.simple-java-utils.i18n.src.main.java.org.hrodberaht.i18n.formatter/BooleanFormatter/Main.java
ClassOverride,28500,3,0,31,3,0,0,24.1,39.07,unknown,1.84,0.78,unknown,results-verified/astr/logfiles/SV-COMP26_no-runtime-exception.ClassOverride.yml.log,results-verified/z3/logfiles/SV-COMP26_no-runtime-exception.ClassOverride.yml.log,sv-benchmarks/java/argv/MikeLydeamore/CoFHCore.CoFHCore-master.src.main.java.cofh.asm/ClassOverride/Main.java
ControlUnit,3096,156,0,156,1225,0,0,7.24,5.18,true,9.45,2.99,true,results-verified/astr/logfiles/SV-COMP26_no-runtime-exception.ControlUnit.yml.log,results-verified/z3/logfiles/SV-COMP26_no-runtime-exception.ControlUnit.yml.log,sv-benchmarks/java/argv/lydiaSidhom/ca-us.ca-us-master.Engine/ControlUnit/Main.java
CurrentWeather,627,20,0,289,20,0,0,5.81,3.5,true,3.82,1.32,true,results-verified/astr/logfiles/SV-COMP26_no-runtime-exception.CurrentWeather.yml.log,results-verified/z3/logfiles/SV-COMP26_no-runtime-exception.CurrentWeather.yml.log,sv-benchmarks/java/argv/Superjisan/Stormy.Stormy-master.app.src.main.java.superjisan.com.stormy/CurrentWeather/Main.java
Forecast,456,20,0,311,20,0,0,3.89,2.15,true,2.95,1.12,true,results-verified/astr/logfiles/SV-COMP26_no-runtime-exception.Forecast.yml.log,results-verified/z3/logfiles/SV-COMP26_no-runtime-exception.Forecast.yml.log,sv-benchmarks/java/argv/jogold9/WeatherBuddy.WeatherBuddy-master.app.src.main.java.com.joshbgold.WeatherBuddy/Forecast/Main.java
HMAC,83,2,0,20,2,0,0,3.04,1.84,unknown,2.13,0.89,unknown,results-verified/astr/logfiles/SV-COMP26_no-runtime-exception.HMAC.yml.log,results-verified/z3/logfiles/SV-COMP26_no-runtime-exception.HMAC.yml.log,sv-benchmarks/java/argv/loosebruce/hmac_base64.java.hmac_base64.java-master.src.main.java.helper/HMAC/Main.java
HistoryDatManager,102,3,1,13402,11,0,0,3.14,2.02,unknown,23.02,14.19,unknown,results-verified/astr/logfiles/SV-COMP26_no-runtime-exception.HistoryDatManager.yml.log,results-verified/z3/logfiles/SV-COMP26_no-runtime-exception.HistoryDatManager.yml.log,sv-benchmarks/java/argv/konaboy32/feelingluckylauncher.feelingluckylauncher-master.src/HistoryDatManager/Main.java
Init,28,1,0,22,1,0,0,1.92,0.8,unknown,1.95,0.85,unknown,results-verified/astr/logfiles/SV-COMP26_no-runtime-exception.Init.yml.log,results-verified/z3/logfiles/SV-COMP26_no-runtime-exception.Init.yml.log,sv-benchmarks/java/argv/mathewreny/ARM230Compiler.ARM230Compiler-master.BuildApril14th.Program_Files.edu.unl.cse/Init/Main.java
InitMIFWIN,61,3,0,22,3,0,0,2.0,0.8,false,2.2,0.92,false,results-verified/astr/logfiles/SV-COMP26_no-runtime-exception.InitMIFWIN.yml.log,results-verified/z3/logfiles/SV-COMP26_no-runtime-exception.InitMIFWIN.yml.log,sv-benchmarks/java/argv/mathewreny/ARM230Compiler.ARM230Compiler-master.BuildApril14th.Program_Files.edu.unl.cse/InitMIFWIN/Main.java
InitMIFWIN_1,51,3,0,26,3,0,0,1.99,0.8,false,2.18,0.97,false,results-verified/astr/logfiles/SV-COMP26_no-runtime-exception.InitMIFWIN_1.yml.log,results-verified/z3/logfiles/SV-COMP26_no-runtime-exception.InitMIFWIN_1.yml.log,sv-benchmarks/java/argv/mathewreny/ARM230Compiler.ARM230Compiler-master.Program_Files.com.unl.cse/InitMIFWIN_1/Main.java
InitMIF_1,65,3,0,20,3,0,0,2.01,0.83,false,2.09,0.85,false,results-verified/astr/logfiles/SV-COMP26_no-runtime-exception.InitMIF_1.yml.log,results-verified/z3/logfiles/SV-COMP26_no-runtime-exception.InitMIF_1.yml.log,sv-benchmarks/java/argv/mathewreny/ARM230Compiler.ARM230Compiler-master.BuildApril14th.Program_Files.edu.unl.cse/InitMIF_1/Main.java
InitMIF_4,49,3,0,22,3,0,0,2.02,0.81,false,2.34,0.95,false,results-verified/astr/logfiles/SV-COMP26_no-runtime-exception.InitMIF_4.yml.log,results-verified/z3/logfiles/SV-COMP26_no-runtime-exception.InitMIF_4.yml.log,sv-benchmarks/java/argv/mathewreny/ARM230Compiler.ARM230Compiler-master.Program_Files.com.unl.cse/InitMIF_4/Main.java
InitS230WIN,29,1,0,20,1,0,0,1.99,0.79,unknown,2.19,0.94,unknown,results-verified/astr/logfiles/SV-COMP26_no-runtime-exception.InitS230WIN.yml.log,results-verified/z3/logfiles/SV-COMP26_no-runtime-exception.InitS230WIN.yml.log,sv-benchmarks/java/argv/mathewreny/ARM230Compiler.ARM230Compiler-master.BuildApril14th.Program_Files.edu.unl.cse/InitS230WIN/Main.java
InitS230WIN_1,33,1,0,32,1,0,0,1.91,0.8,unknown,2.27,0.92,unknown,results-verified/astr/logfiles/SV-COMP26_no-runtime-exception.InitS230WIN_1.yml.log,results-verified/z3/logfiles/SV-COMP26_no-runtime-exception.InitS230WIN_1.yml.log,sv-benchmarks/java/argv/mathewreny/ARM230Compiler.ARM230Compiler-master.Program_Files.com.unl.cse/InitS230WIN_1/Main.java
InitS230_1,31,1,0,17,1,0,0,2.06,0.82,unknown,2.2,0.88,unknown,results-verified/astr/logfiles/SV-COMP26_no-runtime-exception.InitS230_1.yml.log,results-verified/z3/logfiles/SV-COMP26_no-runtime-exception.InitS230_1.yml.log,sv-benchmarks/java/argv/mathewreny/ARM230Compiler.ARM230Compiler-master.BuildApril14th.Program_Files.edu.unl.cse/InitS230_1/Main.java
InitS230_4,29,1,0,24,1,0,0,1.99,0.8,unknown,2.36,0.97,unknown,results-verified/astr/logfiles/SV-COMP26_no-runtime-exception.InitS230_4.yml.log,results-verified/z3/logfiles/SV-COMP26_no-runtime-exception.InitS230_4.yml.log,sv-benchmarks/java/argv/mathewreny/ARM230Compiler.ARM230Compiler-master.Program_Files.com.unl.cse/InitS230_4/Main.java
Init_1,31,1,0,22,1,0,0,1.91,0.78,unknown,2.21,0.96,unknown,results-verified/astr/logfiles/SV-COMP26_no-runtime-exception.Init_1.yml.log,results-verified/z3/logfiles/SV-COMP26_no-runtime-exception.Init_1.yml.log,sv-benchmarks/java/argv/mathewreny/ARM230Compiler.ARM230Compiler-master.Program_Files.com.unl.cse/Init_1/Main.java
JalgorInterpreter,184,2,0,36,2,0,0,3.42,2.11,false,2.27,0.92,false,results-verified/astr/logfiles/SV-COMP26_no-runtime-exception.JalgorInterpreter.yml.log,results-verified/z3/logfiles/SV-COMP26_no-runtime-exception.JalgorInterpreter.yml.log,sv-benchmarks/java/argv/ebratini/jalgor.jalgor-master.Jalgor.src.org.uasd.jalgor.business/JalgorInterpreter/Main.java
NoteHandler,144,10,0,184,10,0,0,2.17,0.9,true,2.65,1.07,true,results-verified/astr/logfiles/SV-COMP26_no-runtime-exception.NoteHandler.yml.log,results-verified/z3/logfiles/SV-COMP26_no-runtime-exception.NoteHandler.yml.log,sv-benchmarks/java/argv/rmayr/privatenotes-tomdroid.privatenotes-tomdroid-master.src.org.privatenotes.sync.sd/NoteHandler/Main.java
PayHelper,159,8,0,55,8,0,0,2.02,0.87,true,2.22,0.86,true,results-verified/astr/logfiles/SV-COMP26_no-runtime-exception.PayHelper.yml.log,results-verified/z3/logfiles/SV-COMP26_no-runtime-exception.PayHelper.yml.log,sv-benchmarks/java/argv/shawnxiaogit/QS_SDK.QS_SDK-master.qspayhelper.src.com.qunsuan.qspayhelper/PayHelper/Main.java
Person,157,2,0,26,2,0,0,3.33,2.52,unknown,2.29,0.96,unknown,results-verified/astr/logfiles/SV-COMP26_no-runtime-exception.Person.yml.log,results-verified/z3/logfiles/SV-COMP26_no-runtime-exception.Person.yml.log,sv-benchmarks/java/argv/cswatt/advanced-db.advanced-db-master.src.entities/Person/Main.java
ResumoActivity,318,36,0,131,36,0,0,2.37,1.07,true,2.81,1.07,true,results-verified/astr/logfiles/SV-COMP26_no-runtime-exception.ResumoActivity.yml.log,results-verified/z3/logfiles/SV-COMP26_no-runtime-exception.ResumoActivity.yml.log,sv-benchmarks/java/argv/raphapacheco/FinFacil.FinFacil-android-studio-master.app.src.main.java.br.com.backapp.finfacil.activity/ResumoActivity/Main.java
SmsService,386,1,0,19,1,0,0,4.25,5.38,unknown,1.89,0.8,unknown,results-verified/astr/logfiles/SV-COMP26_no-runtime-exception.SmsService.yml.log,results-verified/z3/logfiles/SV-COMP26_no-runtime-exception.SmsService.yml.log,sv-benchmarks/java/argv/GugleGH/sms-bank-listener.sms-bank-listener-master.SmsBankListener.src.ru.nosov.SMSreader.services/SmsService/Main.java
TeleopController,1024,42,0,95,64,0,0,5.19,3.45,true,2.6,1.0,true,results-verified/astr/logfiles/SV-COMP26_no-runtime-exception.TeleopController.yml.log,results-verified/z3/logfiles/SV-COMP26_no-runtime-exception.TeleopController.yml.log,sv-benchmarks/java/argv/FRC-Team-399-EagleRobotics/FRC0399-Code-2012.FRC0399-Code-2012-master.X-1_Old.frc399-2012-robot-END_of_Denver.src.org.team399.y2012.controllers/TeleopController/Main.java
TransaksiMataKuliah,214,8,0,32,8,0,0,3.18,1.79,true,2.23,0.93,true,results-verified/astr/logfiles/SV-COMP26_no-runtime-exception.TransaksiMataKuliah.yml.log,results-verified/z3/logfiles/SV-COMP26_no-runtime-exception.TransaksiMataKuliah.yml.log,sv-benchmarks/java/argv/endangh/kplbo.kplbo-master.kplbo.src.test2/TransaksiMataKuliah/Main.java
Tuomari,6826,324,0,244,108,0,0,11.63,9.09,true,3.71,1.28,true,results-verified/astr/logfiles/SV-COMP26_no-runtime-exception.Tuomari.yml.log,results-verified/z3/logfiles/SV-COMP26_no-runtime-exception.Tuomari.yml.log,sv-benchmarks/java/argv/jelmnainen/ohtu-laskarit.ohtu-laskarit-master.viikko7.KiviPaperiSakset.KiviPaperiSakset.src.main.java.ohtu.kivipaperisakset.peli/Tuomari/Main.java
URIResolverImpl,90,6,0,177,6,0,0,1.92,0.81,true,2.78,1.15,true,results-verified/astr/logfiles/SV-COMP26_no-runtime-exception.URIResolverImpl.yml.log,results-verified/z3/logfiles/SV-COMP26_no-runtime-exception.URIResolverImpl.yml.log,sv-benchmarks/java/argv/rhizomik/redefer-rdf2html.redefer-rdf2html-master.src.main.java.net.rhizomik.redefer.util/URIResolverImpl/Main.java
Utils_4,241,6,0,31,6,0,0,3.61,2.3,true,2.06,0.88,true,results-verified/astr/logfiles/SV-COMP26_no-runtime-exception.Utils_4.yml.log,results-verified/z3/logfiles/SV-COMP26_no-runtime-exception.Utils_4.yml.log,sv-benchmarks/java/argv/contentful/gallery-app-android.gallery-app-android-master.app.src.main.java.gallery.templates.contentful.lib/Utils_4/Main.java
WundergroundReqest,248,24,0,339,24,0,0,2.2,0.97,true,3.27,1.22,true,results-verified/astr/logfiles/SV-COMP26_no-runtime-exception.WundergroundReqest.yml.log,results-verified/z3/logfiles/SV-COMP26_no-runtime-exception.WundergroundReqest.yml.log,sv-benchmarks/java/argv/senft/smplWeather.smplWeather-master.src.de.senft.smplweather.request/WundergroundReqest/Main.java
Zipper,182,1,0,20,1,0,0,4.08,3.34,unknown,1.61,0.72,unknown,results-verified/astr/logfiles/SV-COMP26_no-runtime-exception.Zipper.yml.log,results-verified/z3/logfiles/SV-COMP26_no-runtime-exception.Zipper.yml.log,sv-benchmarks/java/argv/KSUploader/KSUploader-client.client-legacy-master.src.it.ksuploader.utils/Zipper/Main.java
